CA,Balinda,1998,USA,20000,4500
CA,Sassy Boy,2008,UK,2400,3300
CA,Gut Frau,1976,Germany,3600,7533
CA,Atlas,1983,Porta Rico,6600,1000
BA,The Wasp,2018,USA,1100,2500
CA,Big Tank,2000,Japan,16600,4536
CR,Small World,1998,USA,100,250,500
CR,Ocean Skipper,2012,UK,200,750,1500
CR,light Sail,1967,Brasil,50,200,1200
CR,Pleasant Berth,1985,Germany,120,200,300
CR,Make-a-freind,1991,Japan,1100,2300,4500
CR,Fast and Loose,2013,USA,45,51,129
BA,Tough Guy,1998,USA,100,500
BA,Angry One,2008,UK,300,1500
BA,Nemesis,2015,USSF,30000,45000
BA,Enterprize,2017,USSF,76000,93000